<?xml version="1.0" encoding="UTF-8"?>
<entry>
	<accession>MF7000404</accession>
	<general>
		<name>GIL01 gp7</name>
		<pdb_id>6n7o</pdb_id>
		<exp_method>X-ray</exp_method>
		<resolution>1.70</resolution>
		<assembly>Homodimer</assembly>
		<source_organism>Bacillus phage pgil01</source_organism>
		<publication>
			<pmid>31056420</pmid>
			<authors>Caveney NA, Pavlin A, Caballero G, Bahun M, Hodnik V, de Castro L, Fornelos N, Butala M, Strynadka NCJ</authors>
			<title>Structural Insights into Bacteriophage GIL01 gp7 Inhibition of Host LexA Repressor.</title>
			<journal>Structure</journal>
			<year>2019</year>
			<issue>7</issue>
			<volume>27</volume>
			<pages>1094-1102.e4</pages>
			<abstract>Bacteria identify and respond to DNA damage using the SOS response. LexA, a central repressor in the response, has been implicated in the regulation of lysogeny in various temperate bacteriophages. During infection of Bacillus thuringiensis with GIL01 bacteriophage, LexA represses the SOS response and the phage lytic cycle by binding DNA, an interaction further stabilized upon binding of a viral protein, gp7. Here we report the crystallographic structure of phage-borne gp7 at 1.7-Å resolution, and characterize the 4:2 stoichiometry and potential interaction with LexA using surface plasmon resonance, static light scattering, and small-angle X-ray scattering. These data suggest that gp7 stabilizes LexA binding to operator DNA via coordination of the N- and C-terminal domains of LexA. Furthermore, we have found that gp7 can interact with LexA from Staphylococcus aureus, a significant human pathogen. Our results provide structural evidence as to how phage factors can directly associate with LexA to modulate the SOS response.</abstract>
		</publication>
	</general>
	<function>
	</function>
	<macromolecules>
		<general>
			<note>No modifications of the original PDB file.</note>
			<nr_of_chains>2</nr_of_chains>
			<nr_of_unique_protein_segments>1</nr_of_unique_protein_segments>
			<class>Other</class>
			<subclass>Phosphoprotein M1-like</subclass>
		</general>
		<chain>
			<id>A</id>
			<name>Gene regulator</name>
			<source_organism>Bacillus phage pGIL01</source_organism>
			<sequence>MRDKLLDFIIELSQSSKQVVSKSYVIDRLMQVTKEDYKELEKNVEGKKDD</sequence>
			<length>50</length>
			<uniprot>
				<id>Q7WSG2</id>
				<start>1</start>
				<end>50</end>
			</uniprot>
			<uniref90>
				<id>UniRef90_Q6X3W2</id>
				<start>1</start>
				<end>50</end>
			</uniref90>
			<regions>
				<region>
					<region_type>secondary structure</region_type>
					<region_name>helix</region_name>
					<region_start>1</region_start>
					<region_end>17</region_end>
				</region>
				<region>
					<region_type>secondary structure</region_type>
					<region_name>helix</region_name>
					<region_start>24</region_start>
					<region_end>35</region_end>
				</region>
				<region>
					<region_type>secondary structure</region_type>
					<region_name>strand</region_name>
					<region_start>21</region_start>
					<region_end>23</region_end>
				</region>
			</regions>
		</chain>
		<chain>
			<id>B</id>
			<name>Gene regulator</name>
			<source_organism>Bacillus phage pGIL01</source_organism>
			<sequence>MRDKLLDFIIELSQSSKQVVSKSYVIDRLMQVTKEDYKELEKNVEGKKDD</sequence>
			<length>50</length>
			<uniprot>
				<id>Q7WSG2</id>
				<start>1</start>
				<end>50</end>
			</uniprot>
			<uniref90>
				<id>UniRef90_Q6X3W2</id>
				<start>1</start>
				<end>50</end>
			</uniref90>
			<regions>
			</regions>
		</chain>
	</macromolecules>
	<evidence>
		<complex_evidence>Transferred evidence. This entry shows structural similarity to entry 3l32 where mutual folding of the partners is supported by direct evidence. See more details here: MF2140014.</complex_evidence>
		<chain_evidence>
			<chain_id>A</chain_id>
			<support>None</support>
		</chain_evidence>
		<chain_evidence>
			<chain_id>B</chain_id>
			<support>None</support>
		</chain_evidence>
	</evidence>
</entry>
